{"cameraMode":{"drawMode":0,"name":"Shaded","section":"Shading Mode"},"sceneLighting":true,"audioPlay":false,"sceneViewState":{"m_AlwaysRefresh":false,"showFog":true,"showSkybox":true,"showFlares":true,"showImageEffects":true,"showParticleSystems":true,"showVisualEffectGraphs":true,"m_FxEnabled":true},"in2DMode":false,"pivot":{"x":9.236289978027344,"y":7.314103126525879,"z":3.0181901454925539},"rotation":{"x":0.19986192882061006,"y":0.02969525381922722,"z":-0.006048060953617096,"w":0.9793592691421509},"size":20.475961685180665,"orthographic":true}