{"cameraMode":{"drawMode":0,"name":"Shaded","section":"Shading Mode"},"sceneLighting":true,"audioPlay":false,"sceneViewState":{"m_AlwaysRefresh":false,"showFog":true,"showSkybox":true,"showFlares":true,"showImageEffects":true,"showParticleSystems":true,"showVisualEffectGraphs":true,"m_FxEnabled":true},"in2DMode":false,"pivot":{"x":9.236289978027344,"y":7.314103126525879,"z":3.0181901454925539},"rotation":{"x":0.14378973841667176,"y":0.01663557067513466,"z":-0.002405930310487747,"w":0.9894697070121765},"size":16.2652645111084,"orthographic":true}